Abercrombie, Neil225-2726Ackerman, Gary L.225-2601Aderholt, Robert B.225-4876Akin, W. Todd225-2561Alexander, Rodney225-8490Allen, Thomas H.225-6116Altmire, Jason225-2565Andrews, Robert E.225-6501Arcuri, Michael A.225-3665Baca, Joe225-6161Bachmann, Michele225-2331Bachus, Spencer225-4921Baird, Brian225-3536Baker, Richard H.225-3901Baldwin, Tammy225-2906Barrett, J. Gresham225-5301Barrow, John225-2823Bartlett, Roscoe G.225-2721Barton, Joe225-2002Bean, Melissa L.225-3711Becerra, Xavier225-6235Berkley, Shelley225-5965Berman, Howard L.225-4695Berry, Marion225-4076Biggert, Judy225-3515Bilbray, Brian P.225-0508Bilirakis, Gus M.225-5755Bishop, Rob225-0453Bishop, Sanford D. Jr.225-3631Bishop, Timothy H.225-3826Blackburn, Marsha225-2811Blumenauer, Earl225-4811Blunt, Roy225-6536Boehner, John A.225-6205Bonner, Jo225-4931Bono, Mary225-5330Boozman, John225-4301Bordallo, Madeleine Z.225-1188Boren, Dan225-2701Boswell, Leonard L.225-3806Boucher, Rick225-3861Boustany, Charles W. Jr.225-2031Boyd, Allen225-5235Boyda, Nancy E.225-6601Brady, Kevin225-4901Brady, Robert A.225-4731Braley, Bruce L.225-2911Brown, Corrine225-0123Brown, Henry E. Jr.225-3176Brown-Waite, Ginny225-1002Buchanan, Vern225-5015Burgess, Michael C.225-7772Burton, Dan225-2276Butterfield, G. K.225-3101Buyer, Steve225-5037Calvert, Ken225-1986Camp, Dave225-3561Campbell, John225-5611Cannon, Chris225-7751Cantor, Eric225-2815Capito, Shelley Moore225-2711Capps, Lois225-3601Capuano, Michael E.225-5111Cardoza, Dennis A.225-6131Carnahan, Russ225-2671Carney, Christopher P.225-3731Carson, Julia225-4011Carter, John R.225-3864Castle, Michael N.225-4165Castor, Kathy225-3376Chabot, Steve225-2216Chandler, Ben225-4706Christensen, Donna M.225-1790Clarke, Yvette D.225-6231Clay, Wm. Lacy225-2406Cleaver, Emanuel225-4535Clyburn, James E.225-3315Coble, Howard225-3065Cohen, Steve225-3265Cole, Tom225-6165Conaway, K. Michael225-3605Conyers, John Jr.225-5126Cooper, Jim225-4311Costa, Jim225-3341Costello, Jerry F.225-5661Courtney, Joe225-2076Cramer, Robert E. (Bud) Jr.225-4801Crenshaw, Ander225-2501Crowley, Joseph225-3965Cubin, Barbara225-2311Cuellar, Henry225-1640Culberson, John Abney225-2571Cummings, Elijah E.225-4741Davis, Artur225-2665Davis, Danny K.225-5006Davis, David225-6356Davis, Geoff225-3465Davis, Jo Ann225-4261Davis, Lincoln225-6831Davis, Susan A.225-2040Davis, Tom225-1492Deal, Nathan225-5211DeFazio, Peter A.225-6416DeGette, Diana225-4431Delahunt, William D.225-3111DeLauro, Rosa L.225-3661Dent, Charles W.225-6411Diaz-Balart, Lincoln225-4211Diaz-Balart, Mario225-2778Dicks, Norman D.225-5916Dingell, John D.225-4071Doggett, Lloyd225-4865Donnelly, Joe225-3915Doolittle, John T.225-2511Doyle, Michael F.225-2135Drake, Thelma D.225-4215Dreier, David225-2305Duncan, John J. Jr.225-5435Edwards, Chet225-6105Ehlers, Vernon J.225-3831Ellison, Keith225-4755Ellsworth, Brad225-4636Emanuel, Rahm225-4061Emerson, Jo Ann225-4404Engel, Eliot L.225-2464English, Phil225-5406Eshoo, Anna G.225-8104Etheridge, Bob225-4531Everett, Terry225-2901Faleomavaega, Eni F. H.225-8577Fallin, Mary225-2132Farr, Sam225-2861Fattah, Chaka225-4001Feeney, Tom225-2706Ferguson, Mike225-5361Filner, Bob225-8045Flake, Jeff225-2635Forbes, J. Randy225-6365Fortenberry, Jeff225-4806Fortu?o, Luis G.225-2615Fossella, Vito225-3371Foxx, Virginia225-2071Frank, Barney225-5931Franks, Trent225-4576Frelinghuysen, Rodney P.225-5034Gallegly, Elton225-5811Garrett, Scott225-4465Gerlach, Jim225-4315Giffords, Gabrielle225-2542Gilchrest, Wayne T.225-5311Gillibrand, Kirsten E.225-5614Gillmor, Paul E.225-6405Gingrey, Phil225-2931Gohmert, Louie225-3035Gonzalez, Charles A.225-3236Goode, Virgil H. Jr.225-4711Goodlatte, Bob225-5431Gordon, Bart225-4231Granger, Kay225-5071Graves, Sam225-7041Green, Al225-7508Green, Gene225-1688Grijalva, Ra?l M.225-2435Gutierrez, Luis V.225-8203Hall, John J.225-5441Hall, Ralph M.225-6673Hare, Phil225-5905Harman, Jane225-8220Hastert, J. Dennis225-2976Hastings, Alcee L.225-1313Hastings, Doc225-5816Hayes, Robin225-3715Heller, Dean225-6155Hensarling, Jeb225-3484Herger, Wally225-3076Herseth Sandlin, Stephanie225-2801Higgins, Brian225-3306Hill, Baron P.225-5315Hinchey, Maurice D.225-6335Hinojosa, Rub?n225-2531Hirono, Mazie K.225-4906Hobson, David L.225-4324Hodes, Paul W.225-5206Hoekstra, Peter225-4401Holden, Tim225-5546Holt, Rush D.225-5801Honda, Michael M.225-2631Hooley, Darlene225-5711Hoyer, Steny H.225-4131Hulshof, Kenny C.225-2956Hunter, Duncan225-5672Inglis, Bob225-6030Inslee, Jay225-6311Israel, Steve225-3335Issa, Darrell E.225-3906Jackson, Jesse L. Jr.225-0773Jackson-Lee, Sheila225-3816Jefferson, William J.225-6636Jindal, Bobby225-3015Johnson, Eddie Bernice225-8885Johnson, Henry C. ``Hank'' Jr.225-1605Johnson, Sam225-4201Johnson, Timothy V.225-2371Jones, Stephanie Tubbs225-7032Jones, Walter B.225-3415Jordan, Jim225-2676Kagen, Steve225-5665Kanjorski, Paul E.225-6511Kaptur, Marcy225-4146Keller, Ric225-2176Kennedy, Patrick J.225-4911Kildee, Dale E.225-3611Kilpatrick, Carolyn C.225-2261Kind, Ron225-5506King, Peter T.225-7896King, Steve225-4426Kingston, Jack225-5831Kirk, Mark Steven225-4835Klein, Ron225-3026Kline, John225-2271Knollenberg, Joe225-5802Kucinich, Dennis J.225-5871Kuhl, John R. ``Randy'' Jr.225-3161LaHood, Ray225-6201Lamborn, Doug225-4422Lampson, Nick225-5951Langevin, James R.225-2735Lantos, Tom225-3531Larsen, Rick225-2605Larson, John B.225-2265Latham, Tom225-5476LaTourette, Steven C.225-5731Lee, Barbara225-2661Levin, Sander M.225-4961Lewis, Jerry225-5861Lewis, John225-3801Lewis, Ron225-3501Linder, John225-4272Lipinski, Daniel225-5701LoBiondo, Frank A.225-6572Loebsack, David225-6576Lofgren, Zoe225-3072Lowey, Nita M.225-6506Lucas, Frank D.225-5565Lungren, Daniel E.225-5716Lynch, Stephen F.225-8273McCarthy, Carolyn225-5516McCarthy, Kevin225-2915McCaul, Michael T.225-2401McCollum, Betty225-6631McCotter, Thaddeus G.225-8171McCrery, Jim225-2777McDermott, Jim225-3106McGovern, James P.225-6101McHenry, Patrick T.225-2576McHugh, John M.225-4611McIntyre, Mike225-2731McKeon, Howard P. ``Buck''225-1956McMorris Rodgers, Cathy225-2006McNerney, Jerry225-1947McNulty, Michael R.225-5076Mack, Connie225-2536Mahoney, Tim225-5792Maloney, Carolyn B.225-7944Manzullo, Donald A.225-5676Marchant, Kenny225-6605Markey, Edward J.225-2836Marshall, Jim225-6531Matheson, Jim225-3011Matsui, Doris O.225-7163Meehan, Martin T.225-3411Meek, Kendrick B.225-4506Meeks, Gregory W.225-3461Melancon, Charlie225-4031Mica, John L.225-4035Michaud, Michael H.225-6306Millender-McDonald, Juanita225-7924Miller, Brad225-3032Miller, Candice S.225-2106Miller, Gary G.225-3201Miller, George225-2095Miller, Jeff225-4136Mitchell, Harry E.225-2190Mollohan, Alan B.225-4172Moore, Dennis225-2865Moore, Gwen225-4572Moran, James P.225-4376Moran, Jerry225-2715Murphy, Christopher S.225-4476Murphy, Patrick J.225-4276Murphy, Tim225-2301Murtha, John P.225-2065Musgrave, Marilyn N.225-4676Myrick, Sue Wilkins225-1976Nadler, Jerrold225-5635Napolitano, Grace F.225-5256Neal, Richard E.225-5601Neugebauer, Randy225-4005Norton, Eleanor Holmes225-8050Norwood, Charlie225-4101Nunes, Devin225-2523Oberstar, James L.225-6211Obey, David R.225-3365Olver, John W.225-5335Ortiz, Solomon P.225-7742Pallone, Frank Jr.225-4671Pascrell, Bill Jr.225-5751Pastor, Ed225-4065Paul, Ron225-2831Payne, Donald M.225-3436Pearce, Stevan225-2365Pelosi, Nancy225-4965Pence, Mike225-3021Perlmutter, Ed225-2645Peterson, Collin C.225-2165Peterson, John E.225-5121Petri, Thomas E.225-2476Pickering, Charles W. ``Chip''225-5031Pitts, Joseph R.225-2411Platts, Todd Russell225-5836Poe, Ted225-6565Pomeroy, Earl225-2611Porter, Jon C.225-3252Price, David E.225-1784Price, Tom225-4501Pryce, Deborah225-2015Putnam, Adam H.225-1252Radanovich, George225-4540Rahall, Nick J.225-3452Ramstad, Jim225-2871Rangel, Charles B.225-4365Regula, Ralph225-3876Rehberg, Dennis R.225-3211Reichert, David G.225-7761Renzi, Rick225-2315Reyes, Silvestre225-4831Reynolds, Thomas M.225-5265Rodriguez, Ciro D.225-4511Rogers, Harold225-4601Rogers, Mike225-4872Rogers, Mike225-3261Rohrabacher, Dana225-2415Roskam, Peter J.225-4561Ros-Lehtinen, Ileana225-3931Ross, Mike225-3772Rothman, Steven R.225-5061Roybal-Allard, Lucille225-1766Royce, Edward R.225-4111Ruppersberger, C. A. Dutch225-3061Rush, Bobby L.225-4372Ryan, Paul225-3031Ryan, Tim225-5261Salazar, John T.225-4761Sali, Bill225-6611Sanchez, Loretta225-2965S?nchez, Linda T.225-6676Sarbanes, John P.225-4016Saxton, Jim225-4765Schakowsky, Janice D.225-2111Schiff, Adam B.225-4176Schmidt, Jean225-3164Schwartz, Allyson Y.225-6111Scott, David225-2939Scott, Robert C. ``Bobby''225-8351Sensenbrenner, F. James Jr.225-5101Serrano, Jos? E.225-4361Sessions, Pete225-2231Sestak, Joe225-2011Shadegg, John B.225-3361Shays, Christopher225-5541Shea-Porter, Carol225-5456Sherman, Brad225-5911Shimkus, John225-5271Shuler, Heath225-6401Shuster, Bill225-2431Simpson, Michael K.225-5531Sires, Albio225-7919Skelton, Ike225-2876Slaughter, Louise McIntosh225-3615Smith, Adam225-8901Smith, Adrian225-6435Smith, Christopher H.225-3765Smith, Lamar225-4236Snyder, Vic225-2506Solis, Hilda L.225-5464Souder, Mark E.225-4436Space, Zachary T.225-6265Spratt, John M. Jr.225-5501Stark, Fortney Pete225-5065Stearns, Cliff225-5744Stupak, Bart225-4735Sullivan, John225-2211Sutton, Betty225-3401Tancredo, Thomas G.225-7882Tanner, John S.225-4714Tauscher, Ellen O.225-1880Taylor, Gene225-5772Terry, Lee225-4155Thompson, Bennie G.225-5876Thompson, Mike225-3311Thornberry, Mac225-3706Tiahrt, Todd225-6216Tiberi, Patrick J.225-5355Tierney, John F.225-8020Towns, Edolphus225-5936Turner, Michael R.225-6465Udall, Mark225-2161Udall, Tom225-6190Upton, Fred225-3761Van Hollen, Chris225-5341Vel?zquez, Nydia M.225-2361Visclosky, Peter J.225-2461Walberg, Tim225-6276Walden, Greg225-6730Walsh, James T.225-3701Walz, Timothy J.225-2472Wamp, Zach225-3271Wasserman Schultz, Debbie225-7931Waters, Maxine225-2201Watson, Diane E.225-7084Watt, Melvin L.225-1510Waxman, Henry A.225-3976Weiner, Anthony D.225-6616Welch, Peter225-4115Weldon, Dave225-3671Weller, Jerry225-3635Westmoreland, Lynn A.225-5901Wexler, Robert225-3001Whitfield, Ed225-3115Wicker, Roger F.225-4306Wilson, Charles A.225-5705Wilson, Heather225-6316Wilson, Joe225-2452Wolf, Frank R.225-5136Woolsey, Lynn C.225-5161Wu, David225-0855Wynn, Albert Russell225-8699Yarmuth, John A.225-5401Young, C. W. Bill225-5961Young, Don225-5765